TimeStamp,Delta_TP9,Delta_AF7,Delta_AF8,Delta_TP10,Theta_TP9,Theta_AF7,Theta_AF8,Theta_TP10,Alpha_TP9,Alpha_AF7,Alpha_AF8,Alpha_TP10,Beta_TP9,Beta_AF7,Beta_AF8,Beta_TP10,Gamma_TP9,Gamma_AF7,Gamma_AF8,Gamma_TP10,RAW_TP9,RAW_AF7,RAW_AF8,RAW_TP10,AUX_RIGHT,Accelerometer_X,Accelerometer_Y,Accelerometer_Z,Gyro_X,Gyro_Y,Gyro_Z,PPG_Ambient,PPG_IR,PPG_Red,Heart_Rate,HeadBandOn,HSI_TP9,HSI_AF7,HSI_AF8,HSI_TP10,Battery,Elements
2025-12-03 17:11:48.967,,,,,,,,,,,,,,,,,,,,,,,,,,,,,,,,,,,,,,,,,,/muse/event/connected Muse-28A0
2025-12-03 17:11:48.980,1.5748276,0.75633377,0.9227717,1.1700321,1.0769755,0.11008771,0.04633265,1.6087804,1.1647635,0.34286484,0.0018163353,1.1862236,0.64661247,0.42784804,0.40716425,0.535216,-0.02109308,0.21236314,0.08503163,0.016546018,809.0842,806.6667,796.1905,758.315,749.85345,-0.16851806640625,0.161376953125,0.98297119140625,0.13458251953125,-1.966400146484375,0.545806884765625,401318.6813186813,9.182461538461538E7,4.957897435897436E7,75.235,1,2.0,1.0,1.0,2.0,40.00
2025-12-03 17:11:49.988,1.4361781,0.5856364,0.95341897,1.1700321,0.84912694,0.27785575,-0.016054748,1.6087804,0.9771041,0.32324517,0.0144401565,1.1862236,0.42423183,0.5240206,0.45500195,0.535216,0.04542147,0.25147784,-0.0733169,0.016546018,793.36993,800.2198,839.304,743.8095,734.94507,-0.17138671875,0.15533447265625,0.97625732421875,-0.11962890625,-2.280426025390625,-0.336456298828125,402930.4029304029,9.19535531135531E7,4.957494505494505E7,74.45353,1,2.0,1.0,1.0,2.0,40.00
2025-12-03 17:11:50.711,,,,,,,,,,,,,,,,,,,,,,,,,,,,,,,,,,,,,,,,,,/muse/elements/blink
2025-12-03 17:11:50.994,1.2549958,0.25721312,0.58829033,1.1700321,0.46719605,0.25409776,-0.08688333,1.6087804,0.7323776,0.26145098,-0.004525909,1.1862236,0.38150558,0.41089574,0.23933414,0.535216,0.07127764,0.024259172,0.16959095,0.016546018,794.57874,794.9817,806.26373,836.8865,890.4762,-0.1575927734375,0.15435791015625,0.9736328125,-0.07476806640625,-3.00567626953125,0.127105712890625,400512.8205128205,9.211069597069597E7,4.958703296703297E7,75.352615,1,1.0,1.0,1.0,1.0,40.00
2025-12-03 17:11:51.998,1.2549958,0.43742839,0.30133122,1.1700321,0.46719605,0.028865486,-0.033882882,1.6087804,0.7323776,0.3096441,-0.2469426,1.1862236,0.38150558,0.4185097,0.11188111,0.535216,0.07127764,0.19732507,0.15286349,0.016546018,795.38464,804.65204,823.5897,823.9927,639.45056,-0.1558837890625,0.154541015625,0.9849853515625,0.28411865234375,-2.16827392578125,0.059814453125,400512.8205128205,9.2243663003663E7,4.958380952380952E7,75.33212,1,1.0,1.0,1.0,1.0,40.00
2025-12-03 17:11:53.009,1.2198554,0.4617377,0.29238814,1.1700321,1.1880354,-0.020166783,-0.13164137,1.6087804,0.9598475,0.45814583,0.042754535,1.1862236,0.50188637,0.50715804,0.27413288,0.535216,-0.23797327,0.18240884,0.06892137,0.016546018,797.3993,803.8461,800.6227,805.8608,738.1685,-0.16156005859375,0.154541015625,0.9781494140625,0.059814453125,-1.614990234375,-0.0,400512.8205128205,9.233875457875457E7,4.958139194139194E7,71.748436,1,1.0,1.0,1.0,1.0,40.00
2025-12-03 17:11:53.378,,,,,,,,,,,,,,,,,,,,,,,,,,,,,,,,,,,,,,,,,,/muse/elements/blink
2025-12-03 17:11:54.017,1.2949231,0.7171577,0.48755172,1.1700321,1.2877384,0.16803165,0.07417531,1.6087804,0.94456303,0.41368315,0.12121069,1.1862236,0.53126776,0.4983573,0.29190627,0.535216,-0.16173506,0.05795486,-0.018273802,0.016546018,806.6667,805.8608,811.9048,786.9231,767.1795,-0.15155029296875,0.15643310546875,0.97601318359375,-0.13458251953125,-1.68975830078125,0.2093505859375,399706.9597069597,9.234681318681319E7,4.9593479853479855E7,67.48287,1,1.0,1.0,1.0,1.0,40.00
